{"cameraMode":{"drawMode":0,"name":"Shaded","section":"Shading Mode"},"sceneLighting":false,"audioPlay":false,"sceneViewState":{"showFog":true,"showMaterialUpdate":false,"showSkybox":true,"showFlares":true,"showImageEffects":true,"showParticleSystems":true},"in2DMode":false,"pivot":{"x":5.04864501953125,"y":0.5548281669616699,"z":-0.06666204333305359},"rotation":{"x":0.477283239364624,"y":0.5213703513145447,"z":-0.47357645630836489,"w":0.5254511833190918},"size":2.9500892162323,"orthographic":false}