{"cameraMode":{"drawMode":0,"name":"Shaded","section":"Shading Mode"},"sceneLighting":false,"audioPlay":false,"sceneViewState":{"showFog":true,"showMaterialUpdate":false,"showSkybox":true,"showFlares":true,"showImageEffects":true,"showParticleSystems":true},"in2DMode":false,"pivot":{"x":0.995999813079834,"y":0.5139837265014648,"z":-0.999000072479248},"rotation":{"x":0.30119869112968447,"y":0.6385505795478821,"z":-0.29975828528404238,"w":0.6416210532188416},"size":2.8578836917877199,"orthographic":false}