{"cameraMode":{"drawMode":0,"name":"Shaded","section":"Shading Mode"},"sceneLighting":false,"audioPlay":false,"sceneViewState":{"showFog":true,"showMaterialUpdate":false,"showSkybox":true,"showFlares":true,"showImageEffects":true,"showParticleSystems":true},"in2DMode":false,"pivot":{"x":0.24599981307983399,"y":0.6850361824035645,"z":-5.999000072479248},"rotation":{"x":0.547916829586029,"y":-0.007528568617999554,"z":0.004931384697556496,"w":0.836484432220459},"size":4.681828498840332,"orthographic":false}