{"cameraMode":{"drawMode":0,"name":"Shaded","section":"Shading Mode"},"sceneLighting":false,"audioPlay":false,"sceneViewState":{"showFog":true,"showMaterialUpdate":false,"showSkybox":true,"showFlares":true,"showImageEffects":true,"showParticleSystems":true},"in2DMode":false,"pivot":{"x":4.995999813079834,"y":0.5139837265014648,"z":-8.999000549316407},"rotation":{"x":0.3321840465068817,"y":0.6095993518829346,"z":-0.31226646900177,"w":0.6484844088554382},"size":2.8578848838806154,"orthographic":false}