{"cameraMode":{"drawMode":0,"name":"Shaded","section":"Shading Mode"},"sceneLighting":false,"audioPlay":false,"sceneViewState":{"showFog":true,"showMaterialUpdate":false,"showSkybox":true,"showFlares":true,"showImageEffects":true,"showParticleSystems":true},"in2DMode":false,"pivot":{"x":0.24599981307983399,"y":0.6834918260574341,"z":-0.999000072479248},"rotation":{"x":0.545650064945221,"y":-0.05146392062306404,"z":0.033599853515625,"w":0.8357563018798828},"size":4.67941951751709,"orthographic":false}