{"cameraMode":{"drawMode":0,"name":"Shaded","section":"Shading Mode"},"sceneLighting":false,"audioPlay":false,"sceneViewState":{"showFog":true,"showMaterialUpdate":false,"showSkybox":true,"showFlares":true,"showImageEffects":true,"showParticleSystems":true},"in2DMode":false,"pivot":{"x":0.11137381196022034,"y":0.437114417552948,"z":0.04241067171096802},"rotation":{"x":0.4030204117298126,"y":0.017844444140791894,"z":-0.00785990059375763,"w":0.9149832725524902},"size":0.8746277689933777,"orthographic":false}