{"cameraMode":{"drawMode":0,"name":"Shaded","section":"Shading Mode"},"sceneLighting":false,"audioPlay":false,"sceneViewState":{"showFog":true,"showMaterialUpdate":false,"showSkybox":true,"showFlares":true,"showImageEffects":true,"showParticleSystems":true},"in2DMode":false,"pivot":{"x":1.3863656520843506,"y":7.122262001037598,"z":-8.083196640014649},"rotation":{"x":-0.24816881120204926,"y":0.012202995829284191,"z":-0.003126329742372036,"w":-0.9686349630355835},"size":16.037324905395509,"orthographic":false}