{"cameraMode":{"drawMode":0,"name":"Shaded","section":"Shading Mode"},"sceneLighting":false,"audioPlay":false,"sceneViewState":{"showFog":true,"showMaterialUpdate":false,"showSkybox":true,"showFlares":true,"showImageEffects":true,"showParticleSystems":true},"in2DMode":false,"pivot":{"x":0.11064514517784119,"y":1.2617669105529786,"z":-4.66648006439209},"rotation":{"x":0.547916829586029,"y":-0.007528568617999554,"z":0.004931384697556496,"w":0.836484432220459},"size":6.205235481262207,"orthographic":false}