{"cameraMode":{"drawMode":0,"name":"Shaded","section":"Shading Mode"},"sceneLighting":false,"audioPlay":false,"sceneViewState":{"showFog":true,"showMaterialUpdate":false,"showSkybox":true,"showFlares":true,"showImageEffects":true,"showParticleSystems":true},"in2DMode":false,"pivot":{"x":-0.44388097524642947,"y":0.9615219831466675,"z":0.17592069506645204},"rotation":{"x":0.5040751695632935,"y":-0.32947438955307009,"z":0.2160969376564026,"w":0.7685421109199524},"size":3.307767391204834,"orthographic":false}