{"cameraMode":{"drawMode":0,"name":"Shaded","section":"Shading Mode"},"sceneLighting":false,"audioPlay":false,"sceneViewState":{"showFog":true,"showMaterialUpdate":false,"showSkybox":true,"showFlares":true,"showImageEffects":true,"showParticleSystems":true},"in2DMode":false,"pivot":{"x":1.3795803785324097,"y":0.8325562477111816,"z":-0.9832283854484558},"rotation":{"x":0.30119869112968447,"y":0.6385505795478821,"z":-0.29975828528404238,"w":0.6416210532188416},"size":2.8578836917877199,"orthographic":false}