{"cameraMode":{"drawMode":0,"name":"Shaded","section":"Shading Mode"},"sceneLighting":false,"audioPlay":false,"sceneViewState":{"showFog":true,"showMaterialUpdate":false,"showSkybox":true,"showFlares":true,"showImageEffects":true,"showParticleSystems":true},"in2DMode":false,"pivot":{"x":0.09562694281339646,"y":0.26605260372161868,"z":-0.6548169851303101},"rotation":{"x":0.4295429587364197,"y":0.006772743072360754,"z":-0.0032216310501098634,"w":0.9030153155326843},"size":6.348737716674805,"orthographic":false}