{"cameraMode":{"drawMode":0,"name":"Shaded","section":"Shading Mode"},"sceneLighting":false,"audioPlay":false,"sceneViewState":{"showFog":true,"showMaterialUpdate":false,"showSkybox":true,"showFlares":true,"showImageEffects":true,"showParticleSystems":true},"in2DMode":false,"pivot":{"x":-0.23622667789459229,"y":0.16909992694854737,"z":0.32280999422073367},"rotation":{"x":0.25212860107421877,"y":0.6181150078773499,"z":-0.21899919211864472,"w":0.7116210460662842},"size":1.7500892877578736,"orthographic":false}