{"cameraMode":{"drawMode":0,"name":"Shaded","section":"Shading Mode"},"sceneLighting":false,"audioPlay":false,"sceneViewState":{"showFog":true,"showMaterialUpdate":false,"showSkybox":true,"showFlares":true,"showImageEffects":true,"showParticleSystems":true},"in2DMode":false,"pivot":{"x":0.0967879444360733,"y":-0.11649198085069657,"z":0.035752326250076297},"rotation":{"x":-0.5867018103599548,"y":-0.006073382217437029,"z":0.004400355275720358,"w":-0.8097683787345886},"size":3.111509323120117,"orthographic":false}