{"cameraMode":{"drawMode":0,"name":"Shaded","section":"Shading Mode"},"sceneLighting":false,"audioPlay":false,"sceneViewState":{"showFog":true,"showMaterialUpdate":false,"showSkybox":true,"showFlares":true,"showImageEffects":true,"showParticleSystems":true},"in2DMode":false,"pivot":{"x":-0.0016507543623447419,"y":0.04023091495037079,"z":-0.04827941209077835},"rotation":{"x":0.17070093750953675,"y":0.3325866162776947,"z":-0.061345186084508899,"w":0.9254643321037293},"size":0.3904002010822296,"orthographic":false}